﻿{
   "CodeGenerationMode": 2,
   "ContextClassName": "PASContext",
   "ContextNamespace": null,
   "DefaultDacpacSchema": null,
   "FilterSchemas": false,
   "IncludeConnectionString": false,
   "ModelNamespace": null,
   "OutputContextPath": null,
   "OutputPath": "Models",
   "PreserveCasingWithRegex": true,
   "ProjectRootNamespace": "POCO",
   "Schemas": null,
   "SelectedHandlebarsLanguage": 0,
   "SelectedToBeGenerated": 0,
   "T4TemplatePath": null,
   "Tables": [
      {
         "Name": "[dbo].[Claims]",
         "ObjectType": 0
      },
      {
         "Name": "[dbo].[CustomerAccounts]",
         "ObjectType": 0
      },
      {
         "Name": "[dbo].[Policies]",
         "ObjectType": 0
      },
      {
         "Name": "[dbo].[PolicyHolders]",
         "ObjectType": 0
      },
      {
         "Name": "[dbo].[Vehicles]",
         "ObjectType": 0
      }
   ],
   "UiHint": "desktop-dicplql\\sqlexpress01.PAS.dbo",
   "UncountableWords": null,
   "UseBoolPropertiesWithoutDefaultSql": false,
   "UseDatabaseNames": false,
   "UseDateOnlyTimeOnly": false,
   "UseDbContextSplitting": false,
   "UseFluentApiOnly": true,
   "UseHandleBars": false,
   "UseHierarchyId": false,
   "UseInflector": false,
   "UseLegacyPluralizer": false,
   "UseManyToManyEntity": false,
   "UseNoDefaultConstructor": false,
   "UseNoObjectFilter": false,
   "UseNodaTime": false,
   "UseNullableReferences": false,
   "UseSchemaFolders": false,
   "UseSchemaNamespaces": false,
   "UseSpatial": false,
   "UseT4": false
}